id,bus_number,arrival,ts,direction
-450681670,87,Tue Dec 31 13:25:59 2019,1577798759.63218,to
1442811966,87,Tue Dec 31 13:28:43 2019,1577798923.77127,from
1442811966,87,Tue Dec 31 13:28:43 2019,1577798923.77127,from
